<?xml version="1.0" encoding="UTF-8"?>

<beans:beans xmlns="http://www.springframework.org/schema/security"
    xmlns:xsi="http://www.w3.org/2001/XMLSchema-instance" 

	xmlns:beans="http://www.springframework.org/schema/beans"
    xsi:schemaLocation="http://www.springframework.org/schema/security
      http://www.springframework.org/schema/security/spring-security-4.0.xsd
      http://www.springframework.org/schema/beans
      http://www.springframework.org/schema/beans/spring-beans-4.1.xsd">
 
     
    <http use-expressions="true">
        <csrf disabled="true"/>
         
        <intercept-url pattern="/index" access="isAnonymous()" />
        <intercept-url pattern="/homepage" access="isAnonymous()" />
        <intercept-url pattern="/home" access="hasAnyRole('ROLE_USER', 'ROLE_ADMIN')" />
         <intercept-url pattern="/contact" access="isAnonymous()" />
        <intercept-url pattern="/usersform" access="isAnonymous()" />
        <intercept-url pattern="/login" access="isAnonymous()" />
        <intercept-url pattern="/logout" access="isAnonymous()" />
 
 		
         <intercept-url pattern="/cart/addItem/**"
            access="hasAnyRole('ROLE_USER')" /> 
            <intercept-url pattern="/showuser"
            access="hasAnyRole('ROLE_USER', 'ROLE_ADMIN')" /> 
            <intercept-url pattern="/cart/showCart"
            access="hasAnyRole('ROLE_USER')"/>
         <intercept-url pattern="/manage" access="hasRole('ROLE_ADMIN')" />
        
        <intercept-url pattern="/other/**" access="isAuthenticated()" />
 
        <access-denied-handler error-page="/403" />
 
        <form-login login-page='/loginpage' login-processing-url="/j_spring_security_check"
            default-target-url="/home" always-use-default-target="false"
            authentication-failure-url="/loginpage?error=true" username-parameter="username"
            password-parameter="password" />
 
        <logout logout-url="/logout" logout-success-url="/homepage"
            delete-cookies="JSESSIONID" invalidate-session="true" />
 
    </http>
 
    <authentication-manager>
       
 
 
        <!-- authentication from database-->
	<authentication-provider>
            <jdbc-user-service data-source-ref="dataSource"
                users-by-username-query="select userid,password, enabled from users where userid=?"
                authorities-by-username-query="Select userid, role  from Users where userid=?" />
        </authentication-provider>
 
    </authentication-manager>
 
</beans:beans>
